,Country,IndicatorName,Year,Value
4661109,West Indies,GDP at market prices (current US$),2009,55910552004.0644
4661112,West Indies,GDP per capita (current US$),2009,8208.60425361304
4661170,West Indies,"Household final consumption expenditure, etc. (% of GDP)",2009,67.82033995988989
4661171,West Indies,"Household final consumption expenditure, etc. (current US$)",2009,36891372146.9898
4661194,West Indies,"Inflation, consumer prices (annual %)",2009,0.42153912568692
4661195,West Indies,"Inflation, GDP deflator (annual %)",2009,1.79109524503448
4661377,West Indies,"Population, total",2009,6811213.0
4663647,European Community,GDP at market prices (current US$),2009,12904081596834.6
4663650,European Community,GDP per capita (current US$),2009,38469.8808862816
4663701,European Community,Gross fixed capital formation (annual % growth),2009,-11.2030254842678
4663728,European Community,"Household final consumption expenditure, etc. (% of GDP)",2009,56.5781096959941
4663731,European Community,"Household final consumption expenditure, etc. (current US$)",2009,7292520229121.51
4663756,European Community,"Inflation, consumer prices (annual %)",2009,0.374079975718629
4663757,European Community,"Inflation, GDP deflator (annual %)",2009,0.8107439615505708
4663920,European Community,"Population, total",2009,335433365.0
4677088,Unspecified,GDP at market prices (current US$),2009,69638376901.6664
4677091,Unspecified,GDP per capita (current US$),2009,3665.3988130898
4677137,Unspecified,Gross fixed capital formation (annual % growth),2009,10.5908081263308
4677161,Unspecified,"Household final consumption expenditure, etc. (% of GDP)",2009,61.981254390324295
4677164,Unspecified,"Household final consumption expenditure, etc. (current US$)",2009,39553259097.6025
4677187,Unspecified,"Inflation, consumer prices (annual %)",2009,4.36112219119802
4677188,Unspecified,"Inflation, GDP deflator (annual %)",2009,4.24763201010015
4677366,Unspecified,"Population, total",2009,18998854.0
4688768,Australia,GDP at market prices (current US$),2009,926563834486.8208
4688774,Australia,GDP per capita (current US$),2009,42715.1322619629
4688842,Australia,Gross fixed capital formation (annual % growth),2009,2.09626111696051
4688878,Australia,"Household final consumption expenditure, etc. (% of GDP)",2009,54.47757932519061
4688883,Australia,"Household final consumption expenditure, etc. (current US$)",2009,504769547931.085
4688915,Australia,"Inflation, consumer prices (annual %)",2009,1.82011224025484
4688916,Australia,"Inflation, GDP deflator (annual %)",2009,4.92616799799296
4689096,Australia,"Population, total",2009,21691700.0
4689120,Australia,Real interest rate (%),2009,1.04327200375916
4689478,Austria,GDP at market prices (current US$),2009,397594276187.83
4689484,Austria,GDP per capita (current US$),2009,47654.1872090808
4689554,Austria,Gross fixed capital formation (annual % growth),2009,-7.3294662325025
4689593,Austria,"Household final consumption expenditure, etc. (% of GDP)",2009,53.593472494828205
4689598,Austria,"Household final consumption expenditure, etc. (current US$)",2009,213084579049.736
4689637,Austria,"Inflation, consumer prices (annual %)",2009,0.506312508899569
4689638,Austria,"Inflation, GDP deflator (annual %)",2009,1.9045113390503896
4689820,Austria,"Population, total",2009,8343323.0
4691812,Bahrain,GDP at market prices (current US$),2009,22938218085.1064
4691818,Bahrain,GDP per capita (current US$),2009,19166.7082382358
4691868,Bahrain,Gross fixed capital formation (annual % growth),2009,-29.6867994619868
4691895,Bahrain,"Household final consumption expenditure, etc. (% of GDP)",2009,40.9108880584642
4691899,Bahrain,"Household final consumption expenditure, etc. (current US$)",2009,9384228723.40426
4691924,Bahrain,"Inflation, consumer prices (annual %)",2009,2.7955128355041
4691925,Bahrain,"Inflation, GDP deflator (annual %)",2009,-12.9937549324399
4692070,Bahrain,"Population, total",2009,1196774.0
4692089,Bahrain,Real interest rate (%),2009,24.0617021084089
4694982,Belgium,GDP at market prices (current US$),2009,484552653514.865
4694988,Belgium,GDP per capita (current US$),2009,44880.560151788704
4695058,Belgium,Gross fixed capital formation (annual % growth),2009,-6.63369697797989
4695097,Belgium,"Household final consumption expenditure, etc. (% of GDP)",2009,52.0515739102761
4695102,Belgium,"Household final consumption expenditure, etc. (current US$)",2009,252217282578.494
4695141,Belgium,"Inflation, consumer prices (annual %)",2009,-0.0531456741253322
4695142,Belgium,"Inflation, GDP deflator (annual %)",2009,0.8107439615505708
4695337,Belgium,"Population, total",2009,10796493.0
4695364,Belgium,Real interest rate (%),2009,8.61937497630564
4697435,Bermuda,GDP at market prices (current US$),2009,5806378000.0
4697441,Bermuda,GDP per capita (current US$),2009,88463.3128161375
4697486,Bermuda,"Household final consumption expenditure, etc. (% of GDP)",2009,54.1819874627522
4697488,Bermuda,"Household final consumption expenditure, etc. (current US$)",2009,3146011000.0
4697505,Bermuda,"Inflation, GDP deflator (annual %)",2009,0.333664945487214
4697599,Bermuda,"Population, total",2009,65636.0
4701865,Brazil,GDP at market prices (current US$),2009,1664586375912.77
4701871,Brazil,GDP per capita (current US$),2009,8462.508345586892
4701924,Brazil,Gross fixed capital formation (annual % growth),2009,-1.87455405751807
4701962,Brazil,"Household final consumption expenditure, etc. (% of GDP)",2009,62.01589820724521
4701967,Brazil,"Household final consumption expenditure, etc. (current US$)",2009,1032308192457.74
4702013,Brazil,"Inflation, consumer prices (annual %)",2009,4.88640844429615
4702014,Brazil,"Inflation, GDP deflator (annual %)",2009,7.35363259058568
4702302,Brazil,"Population, total",2009,196701298.0
4702418,Brazil,Real interest rate (%),2009,34.7415979407529
4709055,Canada,GDP at market prices (current US$),2009,1370839821537.92
4709061,Canada,GDP per capita (current US$),2009,40764.14134688991
4709123,Canada,Gross fixed capital formation (annual % growth),2009,-11.4867734187451
4709162,Canada,"Household final consumption expenditure, etc. (% of GDP)",2009,57.2236754526304
4709167,Canada,"Household final consumption expenditure, etc. (current US$)",2009,784444930452.279
4709198,Canada,"Inflation, consumer prices (annual %)",2009,0.299466803008983
4709199,Canada,"Inflation, GDP deflator (annual %)",2009,-2.14425459742009
4709371,Canada,"Population, total",2009,33628571.0
4709394,Canada,Real interest rate (%),2009,4.63957217031605
4711213,Channel Islands,"Population, total",2009,158613.0
4720055,Cyprus,GDP at market prices (current US$),2009,25593262400.8645
4720061,Cyprus,GDP per capita (current US$),2009,31673.4577102038
4720127,Cyprus,Gross fixed capital formation (annual % growth),2009,-13.901033629026
4720165,Cyprus,"Household final consumption expenditure, etc. (% of GDP)",2009,63.9592382188921
4720170,Cyprus,"Household final consumption expenditure, etc. (current US$)",2009,16369255666.9551
4720209,Cyprus,"Inflation, consumer prices (annual %)",2009,0.374079975718629
4720210,Cyprus,"Inflation, GDP deflator (annual %)",2009,0.2045984099175089
4720395,Cyprus,"Population, total",2009,1090486.0
4720817,Czech Republic,GDP at market prices (current US$),2009,205729790694.015
4720823,Czech Republic,GDP per capita (current US$),2009,19698.4920909142
4720893,Czech Republic,Gross fixed capital formation (annual % growth),2009,-10.0899572132833
4720932,Czech Republic,"Household final consumption expenditure, etc. (% of GDP)",2009,48.903279007462594
4720937,Czech Republic,"Household final consumption expenditure, etc. (current US$)",2009,100608613544.563
4720976,Czech Republic,"Inflation, consumer prices (annual %)",2009,1.0448118859336
4720977,Czech Republic,"Inflation, GDP deflator (annual %)",2009,2.64059772914828
4721176,Czech Republic,"Population, total",2009,10443936.0
4721214,Czech Republic,Real interest rate (%),2009,3.26319280897356
4721596,Denmark,GDP at market prices (current US$),2009,319762353336.194
4721602,Denmark,GDP per capita (current US$),2009,57895.5012246202
4721670,Denmark,Gross fixed capital formation (annual % growth),2009,-14.2626534049892
4721709,Denmark,"Household final consumption expenditure, etc. (% of GDP)",2009,48.6871534125844
4721714,Denmark,"Household final consumption expenditure, etc. (current US$)",2009,155683187524.483
4721751,Denmark,"Inflation, consumer prices (annual %)",2009,1.32637223084488
4721752,Denmark,"Inflation, GDP deflator (annual %)",2009,0.476237887841251
4721945,Denmark,"Population, total",2009,5523095.0
4731543,Finland,GDP at market prices (current US$),2009,251499027507.64105
4731549,Finland,GDP per capita (current US$),2009,47107.155709070496
4731619,Finland,Gross fixed capital formation (annual % growth),2009,-12.5469782711996
4731658,Finland,"Household final consumption expenditure, etc. (% of GDP)",2009,52.5446199227748
4731663,Finland,"Household final consumption expenditure, etc. (current US$)",2009,132149208113.365
4731702,Finland,"Inflation, consumer prices (annual %)",2009,0.0
4731703,Finland,"Inflation, GDP deflator (annual %)",2009,1.8774144364649497
4731898,Finland,"Population, total",2009,5338871.0
4732307,France,GDP at market prices (current US$),2009,2693827452070.02
4732313,France,GDP per capita (current US$),2009,41631.1314123702
4732380,France,Gross fixed capital formation (annual % growth),2009,-9.06976842069818
4732416,France,"Household final consumption expenditure, etc. (% of GDP)",2009,56.1937311534659
4732421,France,"Household final consumption expenditure, etc. (current US$)",2009,1513762156154.49
4732453,France,"Inflation, consumer prices (annual %)",2009,0.0880841693173124
4732454,France,"Inflation, GDP deflator (annual %)",2009,0.0966244242143262
4732643,France,"Population, total",2009,64707044.0
4735902,Germany,GDP at market prices (current US$),2009,3418005001389.27
4735908,Germany,GDP per capita (current US$),2009,41732.707253158
4735973,Germany,Gross fixed capital formation (annual % growth),2009,-10.0824403260197
4736012,Germany,"Household final consumption expenditure, etc. (% of GDP)",2009,57.4341538361487
4736017,Germany,"Household final consumption expenditure, etc. (current US$)",2009,1963102250625.17
4736056,Germany,"Inflation, consumer prices (annual %)",2009,0.312737722931232
4736057,Germany,"Inflation, GDP deflator (annual %)",2009,1.75699419961073
4736236,Germany,"Population, total",2009,81902307.0
4737566,Greece,GDP at market prices (current US$),2009,330000252153.37604
4737572,Greece,GDP per capita (current US$),2009,29498.323482245494
4737622,Greece,Gross fixed capital formation (annual % growth),2009,-13.9313476337871
4737658,Greece,"Household final consumption expenditure, etc. (% of GDP)",2009,68.13256322858949
4737663,Greece,"Household final consumption expenditure, etc. (current US$)",2009,224837630452.904
4737702,Greece,"Inflation, consumer prices (annual %)",2009,1.21007395627576
4737703,Greece,"Inflation, GDP deflator (annual %)",2009,2.56977112128109
4737868,Greece,"Population, total",2009,11187085.0
4744318,Hong Kong,GDP at market prices (current US$),2009,214046415026.18695
4744324,Hong Kong,GDP per capita (current US$),2009,30697.340383517003
4744388,Hong Kong,Gross fixed capital formation (annual % growth),2009,-3.4671674905609
4744419,Hong Kong,"Household final consumption expenditure, etc. (% of GDP)",2009,61.0889290008407
4744424,Hong Kong,"Household final consumption expenditure, etc. (current US$)",2009,130758662504.193
4744448,Hong Kong,"Inflation, consumer prices (annual %)",2009,0.613496932515361
4744449,Hong Kong,"Inflation, GDP deflator (annual %)",2009,-0.375440414167457
4744632,Hong Kong,"Population, total",2009,6972800.0
4744651,Hong Kong,Real interest rate (%),2009,5.39569804525579
4745834,Iceland,GDP at market prices (current US$),2009,12855269883.7901
4745840,Iceland,GDP per capita (current US$),2009,40362.0415881687
4745902,Iceland,Gross fixed capital formation (annual % growth),2009,-47.7608906253559
4745940,Iceland,"Household final consumption expenditure, etc. (% of GDP)",2009,51.2335748283163
4745945,Iceland,"Household final consumption expenditure, etc. (current US$)",2009,6586214315.29363
4745982,Iceland,"Inflation, consumer prices (annual %)",2009,12.005811730518902
4745983,Iceland,"Inflation, GDP deflator (annual %)",2009,8.1514495836325
4746167,Iceland,"Population, total",2009,318499.0
4746193,Iceland,Real interest rate (%),2009,10.0194765594542
4749972,EIRE,GDP at market prices (current US$),2009,235387174076.132
4749978,EIRE,GDP per capita (current US$),2009,51900.2671391301
4750043,EIRE,Gross fixed capital formation (annual % growth),2009,-16.8605656151705
4750081,EIRE,"Household final consumption expenditure, etc. (% of GDP)",2009,45.9377411419862
4750086,EIRE,"Household final consumption expenditure, etc. (current US$)",2009,108131550708.53
4750125,EIRE,"Inflation, consumer prices (annual %)",2009,-4.47993767043197
4750126,EIRE,"Inflation, GDP deflator (annual %)",2009,-4.261085764573689
4750312,EIRE,"Population, total",2009,4535375.0
4750744,Israel,GDP at market prices (current US$),2009,208068814688.605
4750750,Israel,GDP per capita (current US$),2009,27795.8767084275
4750818,Israel,Gross fixed capital formation (annual % growth),2009,-2.8777402372908103
4750852,Israel,"Household final consumption expenditure, etc. (% of GDP)",2009,56.628358484408906
4750854,Israel,"Household final consumption expenditure, etc. (current US$)",2009,117825954276.123
4750880,Israel,"Inflation, consumer prices (annual %)",2009,3.32499999999997
4750881,Israel,"Inflation, GDP deflator (annual %)",2009,3.88344963783884
4751056,Israel,"Population, total",2009,7485600.0
4751088,Israel,Real interest rate (%),2009,0.305657811648344
4751443,Italy,GDP at market prices (current US$),2009,2186239347457.63
4751449,Italy,GDP per capita (current US$),2009,36995.1069336424
4751519,Italy,Gross fixed capital formation (annual % growth),2009,-9.94085495492743
4751558,Italy,"Household final consumption expenditure, etc. (% of GDP)",2009,60.65603081235
4751563,Italy,"Household final consumption expenditure, etc. (current US$)",2009,1326086012225.62
4751602,Italy,"Inflation, consumer prices (annual %)",2009,0.75014917739334
4751603,Italy,"Inflation, GDP deflator (annual %)",2009,1.95856080493731
4751794,Italy,"Population, total",2009,59095365.0
4751823,Italy,Real interest rate (%),2009,2.74435598113491
4753082,Japan,GDP at market prices (current US$),2009,5035141567658.9
4753088,Japan,GDP per capita (current US$),2009,39322.6047284114
4753151,Japan,Gross fixed capital formation (annual % growth),2009,-10.5909205865461
4753192,Japan,"Household final consumption expenditure, etc. (% of GDP)",2009,60.0548628248964
4753197,Japan,"Household final consumption expenditure, etc. (current US$)",2009,3023847361496.89
4753229,Japan,"Inflation, consumer prices (annual %)",2009,-1.34671890303623
4753230,Japan,"Inflation, GDP deflator (annual %)",2009,-0.5002834021948811
4753411,Japan,"Population, total",2009,128047000.0
4753436,Japan,Real interest rate (%),2009,2.23479705426343
4757352,Korea,GDP at market prices (current US$),2009,901934953364.7108
4757358,Korea,GDP per capita (current US$),2009,18338.7063660256
4757422,Korea,Gross fixed capital formation (annual % growth),2009,0.297178898296366
4757461,Korea,"Household final consumption expenditure, etc. (% of GDP)",2009,51.6781600333001
4757466,Korea,"Household final consumption expenditure, etc. (current US$)",2009,466103388596.086
4757498,Korea,"Inflation, consumer prices (annual %)",2009,2.7570009415697903
4757499,Korea,"Inflation, GDP deflator (annual %)",2009,3.54228865346946
4757688,Korea,"Population, total",2009,49182038.0
4757717,Korea,Real interest rate (%),2009,2.03479953997193
4762008,Lebanon,GDP at market prices (current US$),2009,35139635157.5456
4762014,Lebanon,GDP per capita (current US$),2009,8403.109316056709
4762080,Lebanon,Gross fixed capital formation (annual % growth),2009,17.3374111293576
4762121,Lebanon,"Household final consumption expenditure, etc. (% of GDP)",2009,85.21322182998891
4762126,Lebanon,"Household final consumption expenditure, etc. (current US$)",2009,29943615257.0481
4762164,Lebanon,"Inflation, consumer prices (annual %)",2009,1.18764945336656
4762165,Lebanon,"Inflation, GDP deflator (annual %)",2009,10.5034273290617
4762452,Lebanon,"Population, total",2009,4181742.0
4762568,Lebanon,Real interest rate (%),2009,-0.846212663561795
4765204,Lithuania,GDP at market prices (current US$),2009,37440673477.8982
4765210,Lithuania,GDP per capita (current US$),2009,11837.3910271086
4765279,Lithuania,Gross fixed capital formation (annual % growth),2009,-38.9025668560987
4765318,Lithuania,"Household final consumption expenditure, etc. (% of GDP)",2009,68.0731839293304
4765323,Lithuania,"Household final consumption expenditure, etc. (current US$)",2009,25487058520.9897
4765362,Lithuania,"Inflation, consumer prices (annual %)",2009,4.43601728547482
4765363,Lithuania,"Inflation, GDP deflator (annual %)",2009,-3.2951340663209105
4765561,Lithuania,"Population, total",2009,3162916.0
4765597,Lithuania,Real interest rate (%),2009,12.0867417443816
4772740,Malta,GDP at market prices (current US$),2009,8099400960.976271
4772746,Malta,GDP per capita (current US$),2009,19636.006276656102
4772806,Malta,Gross fixed capital formation (annual % growth),2009,-16.958205367871003
4772845,Malta,"Household final consumption expenditure, etc. (% of GDP)",2009,64.236831723925
4772850,Malta,"Household final consumption expenditure, etc. (current US$)",2009,5202798565.94829
4772881,Malta,"Inflation, consumer prices (annual %)",2009,2.08535733156072
4772882,Malta,"Inflation, GDP deflator (annual %)",2009,2.7132954691354705
4773054,Malta,"Population, total",2009,412477.0
4773073,Malta,Real interest rate (%),2009,1.7111103836854198
4784067,Netherlands,GDP at market prices (current US$),2009,857932759099.75
4784073,Netherlands,GDP per capita (current US$),2009,51900.340094845305
4784140,Netherlands,Gross fixed capital formation (annual % growth),2009,-9.21468395340956
4784179,Netherlands,"Household final consumption expenditure, etc. (% of GDP)",2009,45.2730187518217
4784184,Netherlands,"Household final consumption expenditure, etc. (current US$)",2009,388412058905.25104
4784223,Netherlands,"Inflation, consumer prices (annual %)",2009,1.18990461558192
4784224,Netherlands,"Inflation, GDP deflator (annual %)",2009,0.399621523037212
4784406,Netherlands,"Population, total",2009,16530388.0
4784429,Netherlands,Real interest rate (%),2009,1.57740814783125
4787536,Nigeria,GDP at market prices (current US$),2009,169481317540.364
4787542,Nigeria,GDP per capita (current US$),2009,1091.96852722446
4787604,Nigeria,Gross fixed capital formation (annual % growth),2009,34.7686860249242
4787642,Nigeria,"Household final consumption expenditure, etc. (% of GDP)",2009,75.21364857630309
4787647,Nigeria,"Household final consumption expenditure, etc. (current US$)",2009,127473082577.298
4787694,Nigeria,"Inflation, consumer prices (annual %)",2009,11.5376727473054
4787695,Nigeria,"Inflation, GDP deflator (annual %)",2009,-4.32057332605393
4787952,Nigeria,"Population, total",2009,155207145.0
4788068,Nigeria,Real interest rate (%),2009,23.7064965596174
4788465,Norway,GDP at market prices (current US$),2009,386383919342.271
4788471,Norway,GDP per capita (current US$),2009,80017.77680950849
4788541,Norway,Gross fixed capital formation (annual % growth),2009,-6.78490477224923
4788580,Norway,"Household final consumption expenditure, etc. (% of GDP)",2009,42.2255358484882
4788585,Norway,"Household final consumption expenditure, etc. (current US$)",2009,163152680374.664
4788624,Norway,"Inflation, consumer prices (annual %)",2009,2.16684723726952
4788625,Norway,"Inflation, GDP deflator (annual %)",2009,-5.20496612150899
4788814,Norway,"Population, total",2009,4828726.0
4788845,Norway,Real interest rate (%),2009,10.0057626791577
4795974,Poland,GDP at market prices (current US$),2009,436476394987.34
4795980,Poland,GDP per capita (current US$),2009,11440.5781321257
4796048,Poland,Gross fixed capital formation (annual % growth),2009,-1.8590707694146
4796089,Poland,"Household final consumption expenditure, etc. (% of GDP)",2009,61.6771303741234
4796094,Poland,"Household final consumption expenditure, etc. (current US$)",2009,269206115188.61603
4796133,Poland,"Inflation, consumer prices (annual %)",2009,3.82597787661105
4796134,Poland,"Inflation, GDP deflator (annual %)",2009,3.8811466427322
4796341,Poland,"Population, total",2009,38151603.0
4796766,Portugal,GDP at market prices (current US$),2009,243745748819.11603
4796772,Portugal,GDP per capita (current US$),2009,23063.9716141302
4796842,Portugal,Gross fixed capital formation (annual % growth),2009,-7.570296609966889
4796881,Portugal,"Household final consumption expenditure, etc. (% of GDP)",2009,64.6966087253451
4796886,Portugal,"Household final consumption expenditure, etc. (current US$)",2009,157695233398.166
4796925,Portugal,"Inflation, consumer prices (annual %)",2009,-0.835530021504198
4796926,Portugal,"Inflation, GDP deflator (annual %)",2009,1.09632298173234
4797107,Portugal,"Population, total",2009,10568247.0
4802704,Saudi Arabia,GDP at market prices (current US$),2009,429097866666.6671
4802710,Saudi Arabia,GDP per capita (current US$),2009,15655.083367533798
4802772,Saudi Arabia,"Household final consumption expenditure, etc. (% of GDP)",2009,36.7788047730525
4802774,Saudi Arabia,"Household final consumption expenditure, etc. (current US$)",2009,157817066666.667
4802802,Saudi Arabia,"Inflation, consumer prices (annual %)",2009,5.06663233116593
4802803,Saudi Arabia,"Inflation, GDP deflator (annual %)",2009,-18.931801181882506
4802963,Saudi Arabia,"Population, total",2009,27409491.0
4806593,Singapore,GDP at market prices (current US$),2009,192408387762.118
4806599,Singapore,GDP per capita (current US$),2009,38577.349378883104
4806650,Singapore,Gross fixed capital formation (annual % growth),2009,3.68829065615334
4806685,Singapore,"Household final consumption expenditure, etc. (% of GDP)",2009,38.5170336384881
4806690,Singapore,"Household final consumption expenditure, etc. (current US$)",2009,74110003437.6074
4806720,Singapore,"Inflation, consumer prices (annual %)",2009,0.603621730382258
4806721,Singapore,"Inflation, GDP deflator (annual %)",2009,3.5210188950604904
4806886,Singapore,"Population, total",2009,4987600.0
4806908,Singapore,Real interest rate (%),2009,1.7957523262246498
4810005,RSA,GDP at market prices (current US$),2009,295936471258.128
4810011,RSA,GDP per capita (current US$),2009,5912.14317941783
4810075,RSA,Gross fixed capital formation (annual % growth),2009,-6.6767501062826105
4810115,RSA,"Household final consumption expenditure, etc. (% of GDP)",2009,59.0048458940679
4810120,RSA,"Household final consumption expenditure, etc. (current US$)",2009,174616858810.201
4810159,RSA,"Inflation, consumer prices (annual %)",2009,7.130000000000041
4810160,RSA,"Inflation, GDP deflator (annual %)",2009,7.50451134574872
4810440,RSA,"Population, total",2009,50055701.0
4810558,RSA,Real interest rate (%),2009,3.91036797894419
4811132,Spain,GDP at market prices (current US$),2009,1499074742984.16
4811138,Spain,GDP per capita (current US$),2009,32333.4661042498
4811205,Spain,Gross fixed capital formation (annual % growth),2009,-16.8722188519357
4811244,Spain,"Household final consumption expenditure, etc. (% of GDP)",2009,56.1007345458994
4811249,Spain,"Household final consumption expenditure, etc. (current US$)",2009,840991942206.168
4811288,Spain,"Inflation, consumer prices (annual %)",2009,-0.287977653143528
4811289,Spain,"Inflation, GDP deflator (annual %)",2009,0.252541112899991
4811489,Spain,"Population, total",2009,46362946.0
4817226,Sweden,GDP at market prices (current US$),2009,429657033107.73706
4817232,Sweden,GDP per capita (current US$),2009,46207.0592032962
4817302,Sweden,Gross fixed capital formation (annual % growth),2009,-13.3702129056616
4817341,Sweden,"Household final consumption expenditure, etc. (% of GDP)",2009,47.145590904571
4817346,Sweden,"Household final consumption expenditure, etc. (current US$)",2009,202564347121.691
4817385,Sweden,"Inflation, consumer prices (annual %)",2009,-0.49446054437793
4817386,Sweden,"Inflation, GDP deflator (annual %)",2009,2.3831359367099303
4817590,Sweden,"Population, total",2009,9298515.0
4818003,Switzerland,GDP at market prices (current US$),2009,539528229942.101
4818009,Switzerland,GDP per capita (current US$),2009,69672.0047147337
4818079,Switzerland,Gross fixed capital formation (annual % growth),2009,-7.52023567300783
4818118,Switzerland,"Household final consumption expenditure, etc. (% of GDP)",2009,55.1537712200365
4818123,Switzerland,"Household final consumption expenditure, etc. (current US$)",2009,297570165609.779
4818162,Switzerland,"Inflation, consumer prices (annual %)",2009,-0.4805799104746029
4818163,Switzerland,"Inflation, GDP deflator (annual %)",2009,0.4108513546978259
4818354,Switzerland,"Population, total",2009,7743831.0
4818383,Switzerland,Real interest rate (%),2009,2.33040746798332
4821511,Thailand,GDP at market prices (current US$),2009,281574762729.76
4821517,Thailand,GDP per capita (current US$),2009,4231.1403677812605
4821587,Thailand,Gross fixed capital formation (annual % growth),2009,-10.8706669042541
4821624,Thailand,"Household final consumption expenditure, etc. (% of GDP)",2009,54.0239523116597
4821629,Thailand,"Household final consumption expenditure, etc. (current US$)",2009,152117815538.794
4821675,Thailand,"Inflation, consumer prices (annual %)",2009,-0.8457160923167629
4821676,Thailand,"Inflation, GDP deflator (annual %)",2009,0.1945801372098539
4821961,Thailand,"Population, total",2009,66548197.0
4822082,Thailand,Real interest rate (%),2009,5.75671843216605
4830156,United Arab Emirates,GDP at market prices (current US$),2009,253547358747.447
4830162,United Arab Emirates,GDP per capita (current US$),2009,32905.0538494054
4830210,United Arab Emirates,Gross fixed capital formation (annual % growth),2009,-1.2854750567739
4830241,United Arab Emirates,"Household final consumption expenditure, etc. (% of GDP)",2009,54.834079706638896
4830246,United Arab Emirates,"Household final consumption expenditure, etc. (current US$)",2009,139030360789.653
4830271,United Arab Emirates,"Inflation, consumer prices (annual %)",2009,1.55980098148538
4830272,United Arab Emirates,"Inflation, GDP deflator (annual %)",2009,-15.1829798846935
4830392,United Arab Emirates,"Population, total",2009,7705423.0
4830730,United Kingdom,GDP at market prices (current US$),2009,2314577036921.64
4830736,United Kingdom,GDP per capita (current US$),2009,37166.2759654944
4830806,United Kingdom,Gross fixed capital formation (annual % growth),2009,-14.404207287528902
4830842,United Kingdom,"Household final consumption expenditure, etc. (% of GDP)",2009,64.7406959690441
4830847,United Kingdom,"Household final consumption expenditure, etc. (current US$)",2009,1498473282442.75
4830886,United Kingdom,"Inflation, consumer prices (annual %)",2009,2.16623137194658
4830887,United Kingdom,"Inflation, GDP deflator (annual %)",2009,2.04895552555018
4831076,United Kingdom,"Population, total",2009,62276270.0
4831099,United Kingdom,Real interest rate (%),2009,-1.37589733442393
4831462,USA,GDP at market prices (current US$),2009,14418739000000.0
4831468,USA,GDP per capita (current US$),2009,47001.5553496818
4831537,USA,Gross fixed capital formation (annual % growth),2009,-13.0701269377052
4831578,USA,"Household final consumption expenditure, etc. (% of GDP)",2009,68.2928576486474
4831583,USA,"Household final consumption expenditure, etc. (current US$)",2009,9846968900000.0
4831615,USA,"Inflation, consumer prices (annual %)",2009,-0.3555462662997121
4831616,USA,"Inflation, GDP deflator (annual %)",2009,0.759434764489896
4831794,USA,"Population, total",2009,306771529.0
4831830,USA,Real interest rate (%),2009,2.4717935757891296
4839726,West Indies,GDP at market prices (current US$),2010,59631397287.7986
4839729,West Indies,GDP per capita (current US$),2010,8699.510835444009
4839787,West Indies,"Household final consumption expenditure, etc. (% of GDP)",2010,66.2911878390524
4839788,West Indies,"Household final consumption expenditure, etc. (current US$)",2010,38108182769.205
4839811,West Indies,"Inflation, consumer prices (annual %)",2010,3.37002540220148
4839812,West Indies,"Inflation, GDP deflator (annual %)",2010,1.3660020686268002
4840014,West Indies,"Population, total",2010,6854569.0
4842428,European Community,GDP at market prices (current US$),2010,12641957099396.0
4842431,European Community,GDP per capita (current US$),2010,37602.5619138783
4842482,European Community,Gross fixed capital formation (annual % growth),2010,-0.395170335993299
4842509,European Community,"Household final consumption expenditure, etc. (% of GDP)",2010,56.4056559399548
4842512,European Community,"Household final consumption expenditure, etc. (current US$)",2010,7121605777704.9
4842537,European Community,"Inflation, consumer prices (annual %)",2010,1.52963938227715
4842538,European Community,"Inflation, GDP deflator (annual %)",2010,0.75770440762841
4842722,European Community,"Population, total",2010,336199356.0
4856750,Unspecified,GDP at market prices (current US$),2010,81827449699.7367
4856753,Unspecified,GDP per capita (current US$),2010,4229.45116572159
4856799,Unspecified,Gross fixed capital formation (annual % growth),2010,8.75984884619334
4856823,Unspecified,"Household final consumption expenditure, etc. (% of GDP)",2010,58.00952165029511
4856826,Unspecified,"Household final consumption expenditure, etc. (current US$)",2010,43033357669.7612
4856848,Unspecified,"Inflation, consumer prices (annual %)",2010,4.50923691774356
4856849,Unspecified,"Inflation, GDP deflator (annual %)",2010,3.3207314178055
4857045,Unspecified,"Population, total",2010,19347061.0
4869066,Australia,GDP at market prices (current US$),2010,1142250506474.06
4869072,Australia,GDP per capita (current US$),2010,51845.6548605562
4869140,Australia,Gross fixed capital formation (annual % growth),2010,2.10396107493733
4869177,Australia,"Household final consumption expenditure, etc. (% of GDP)",2010,55.4444527555199
4869182,Australia,"Household final consumption expenditure, etc. (current US$)",2010,633314542411.697
4869222,Australia,"Inflation, consumer prices (annual %)",2010,2.84522568151348
4869223,Australia,"Inflation, GDP deflator (annual %)",2010,1.00790081932838
4869426,Australia,"Population, total",2010,22031750.0
4869452,Australia,Real interest rate (%),2010,6.20868842582486
4869829,Austria,GDP at market prices (current US$),2010,390235099337.748
4869835,Austria,GDP per capita (current US$),2010,46659.840818134406
4869904,Austria,Gross fixed capital formation (annual % growth),2010,-2.08412353023377
4869944,Austria,"Household final consumption expenditure, etc. (% of GDP)",2010,53.6409873484315
4869949,Austria,"Household final consumption expenditure, etc. (current US$)",2010,209325960264.901
4869989,Austria,"Inflation, consumer prices (annual %)",2010,1.81353503144189
4869990,Austria,"Inflation, GDP deflator (annual %)",2010,1.00083036221319
4870197,Austria,"Population, total",2010,8363404.0
4872253,Bahrain,GDP at market prices (current US$),2010,25713271276.5957
4872259,Bahrain,GDP per capita (current US$),2010,20386.0175551115
4872309,Bahrain,Gross fixed capital formation (annual % growth),2010,14.6884678447805
4872336,Bahrain,"Household final consumption expenditure, etc. (% of GDP)",2010,41.18340661488861
4872340,Bahrain,"Household final consumption expenditure, etc. (current US$)",2010,10589601063.8298
4872366,Bahrain,"Inflation, consumer prices (annual %)",2010,1.96188468334624
4872367,Bahrain,"Inflation, GDP deflator (annual %)",2010,7.441014837892539
4872546,Bahrain,"Population, total",2010,1261319.0
4872571,Bahrain,Real interest rate (%),2010,-0.180112630343749
4875602,Belgium,GDP at market prices (current US$),2010,483577483443.709
4875608,Belgium,GDP per capita (current US$),2010,44282.5493214554
4875677,Belgium,Gross fixed capital formation (annual % growth),2010,-0.8261654100425351
4875717,Belgium,"Household final consumption expenditure, etc. (% of GDP)",2010,51.9563079805314
4875722,Belgium,"Household final consumption expenditure, etc. (current US$)",2010,251249006622.517
4875762,Belgium,"Inflation, consumer prices (annual %)",2010,2.1892992042245503
4875763,Belgium,"Inflation, GDP deflator (annual %)",2010,1.93225746241912
4875981,Belgium,"Population, total",2010,10920272.0
4878216,Bermuda,GDP at market prices (current US$),2010,5744414000.0
4878222,Bermuda,GDP per capita (current US$),2010,88207.3275597322
4878285,Bermuda,"Household final consumption expenditure, etc. (% of GDP)",2010,54.33424540779961
4878287,Bermuda,"Household final consumption expenditure, etc. (current US$)",2010,3121184000.0
4878305,Bermuda,"Inflation, GDP deflator (annual %)",2010,1.04890754179792
4878422,Bermuda,"Population, total",2010,65124.0
4882659,Brazil,GDP at market prices (current US$),2010,2209433265120.51
4882665,Brazil,GDP per capita (current US$),2010,11124.2457796398
4882717,Brazil,Gross fixed capital formation (annual % growth),2010,17.7896237764351
4882756,Brazil,"Household final consumption expenditure, etc. (% of GDP)",2010,60.232965896417
4882761,Brazil,"Household final consumption expenditure, etc. (current US$)",2010,1330807185084.13
4882801,Brazil,"Inflation, consumer prices (annual %)",2010,5.03831694621171
4882802,Brazil,"Inflation, GDP deflator (annual %)",2010,8.56518254860947
4883098,Brazil,"Population, total",2010,198614208.0
4883208,Brazil,Real interest rate (%),2010,28.9471112011313
4890083,Canada,GDP at market prices (current US$),2010,1614013783731.31
4890089,Canada,GDP per capita (current US$),2010,47463.631192364905
4890151,Canada,Gross fixed capital formation (annual % growth),2010,11.4509727674654
4890191,Canada,"Household final consumption expenditure, etc. (% of GDP)",2010,56.527742779011
4890196,Canada,"Household final consumption expenditure, etc. (current US$)",2010,912365560085.42
4890235,Canada,"Inflation, consumer prices (annual %)",2010,1.77687154092693
4890236,Canada,"Inflation, GDP deflator (annual %)",2010,2.64681040990882
4890432,Canada,"Population, total",2010,34005274.0
4890457,Canada,Real interest rate (%),2010,-0.0415441483976504
4892382,Channel Islands,"Population, total",2010,159583.0
4901773,Cyprus,GDP at market prices (current US$),2010,25247424010.9811
4901779,Cyprus,GDP per capita (current US$),2010,30438.900194806098
4901845,Cyprus,Gross fixed capital formation (annual % growth),2010,-5.1458281216554
4901885,Cyprus,"Household final consumption expenditure, etc. (% of GDP)",2010,64.1510176289701
4901890,Cyprus,"Household final consumption expenditure, etc. (current US$)",2010,16196479428.1453
4901930,Cyprus,"Inflation, consumer prices (annual %)",2010,2.3812583627526
4901931,Cyprus,"Inflation, GDP deflator (annual %)",2010,2.05360410051337
4902140,Cyprus,"Population, total",2010,1103685.0
4902572,Czech Republic,GDP at market prices (current US$),2010,207015860050.371
4902578,Czech Republic,GDP per capita (current US$),2010,19763.963798473706
4902647,Czech Republic,Gross fixed capital formation (annual % growth),2010,1.31702003900591
4902687,Czech Republic,"Household final consumption expenditure, etc. (% of GDP)",2010,49.2476953580374
4902692,Czech Republic,"Household final consumption expenditure, etc. (current US$)",2010,101950540100.428
4902732,Czech Republic,"Inflation, consumer prices (annual %)",2010,1.40871792439405
4902733,Czech Republic,"Inflation, GDP deflator (annual %)",2010,-1.45034444405631
4902949,Czech Republic,"Population, total",2010,10474410.0
4902988,Czech Republic,Real interest rate (%),2010,7.446172932815549
4903389,Denmark,GDP at market prices (current US$),2010,319810991980.93896
4903395,Denmark,GDP per capita (current US$),2010,57647.668762065
4903462,Denmark,Gross fixed capital formation (annual % growth),2010,-3.98165148343487
4903502,Denmark,"Household final consumption expenditure, etc. (% of GDP)",2010,47.91574120353671
4903507,Denmark,"Household final consumption expenditure, etc. (current US$)",2010,153239807258.05
4903545,Denmark,"Inflation, consumer prices (annual %)",2010,2.29773012115304
4903546,Denmark,"Inflation, GDP deflator (annual %)",2010,3.24766919416129
4903759,Denmark,"Population, total",2010,5547683.0
4913605,Finland,GDP at market prices (current US$),2010,247814569536.424
4913611,Finland,GDP per capita (current US$),2010,46205.16601118549
4913680,Finland,Gross fixed capital formation (annual % growth),2010,1.0965941366791
4913720,Finland,"Household final consumption expenditure, etc. (% of GDP)",2010,53.208444681988205
4913725,Finland,"Household final consumption expenditure, etc. (current US$)",2010,131858278145.695
4913765,Finland,"Inflation, consumer prices (annual %)",2010,1.21098036199558
4913766,Finland,"Inflation, GDP deflator (annual %)",2010,0.350772528158473
4913982,Finland,"Population, total",2010,5363352.0
4914409,France,GDP at market prices (current US$),2010,2646994701986.75
4914415,France,GDP per capita (current US$),2010,40705.7662299421
4914482,France,Gross fixed capital formation (annual % growth),2010,2.08112017589539
4914519,France,"Household final consumption expenditure, etc. (% of GDP)",2010,56.1434909814004
4914524,France,"Household final consumption expenditure, etc. (current US$)",2010,1486115231788.08
4914564,France,"Inflation, consumer prices (annual %)",2010,1.52963938227715
4914565,France,"Inflation, GDP deflator (annual %)",2010,1.0798254992091398
4914776,France,"Population, total",2010,65027512.0
4918096,Germany,GDP at market prices (current US$),2010,3417298013245.03
4918102,Germany,GDP per capita (current US$),2010,41788.0447853084
4918166,Germany,Gross fixed capital formation (annual % growth),2010,5.385181979524571
4918206,Germany,"Household final consumption expenditure, etc. (% of GDP)",2010,56.0558281590351
4918211,Germany,"Household final consumption expenditure, etc. (current US$)",2010,1915594701986.75
4918251,Germany,"Inflation, consumer prices (annual %)",2010,1.10380856083592
4918252,Germany,"Inflation, GDP deflator (annual %)",2010,0.75770440762841
4918454,Germany,"Population, total",2010,81776930.0
4919820,Greece,GDP at market prices (current US$),2010,299379400264.901
4919826,Greece,GDP per capita (current US$),2010,26841.8554705027
4919891,Greece,Gross fixed capital formation (annual % growth),2010,-19.34606208511
4919930,Greece,"Household final consumption expenditure, etc. (% of GDP)",2010,69.3722886095825
4919935,Greece,"Household final consumption expenditure, etc. (current US$)",2010,207686341589.404
4919975,Greece,"Inflation, consumer prices (annual %)",2010,4.712981576351849
4919976,Greece,"Inflation, GDP deflator (annual %)",2010,0.673371802701993
4920186,Greece,"Population, total",2010,11153454.0
4927033,Hong Kong,GDP at market prices (current US$),2010,228637697575.04
4927039,Hong Kong,GDP per capita (current US$),2010,32549.998231121
4927099,Hong Kong,Gross fixed capital formation (annual % growth),2010,7.69120270965011
4927131,Hong Kong,"Household final consumption expenditure, etc. (% of GDP)",2010,61.375576187334296
4927136,Hong Kong,"Household final consumption expenditure, etc. (current US$)",2010,140327704268.136
4927161,Hong Kong,"Inflation, consumer prices (annual %)",2010,2.3373983739837203
4927162,Hong Kong,"Inflation, GDP deflator (annual %)",2010,0.2707119434512889
4927352,Hong Kong,"Population, total",2010,7024200.0
4927373,Hong Kong,Real interest rate (%),2010,4.71651987393471
4928577,Iceland,GDP at market prices (current US$),2010,13236887873.0516
4928583,Iceland,GDP per capita (current US$),2010,41620.0674537296
4928644,Iceland,Gross fixed capital formation (annual % growth),2010,-8.64411138398083
4928683,Iceland,"Household final consumption expenditure, etc. (% of GDP)",2010,51.23116542168879
4928688,Iceland,"Household final consumption expenditure, etc. (current US$)",2010,6781411922.92653
4928726,Iceland,"Inflation, consumer prices (annual %)",2010,5.393595958217221
4928727,Iceland,"Inflation, GDP deflator (annual %)",2010,5.594906534206199
4928935,Iceland,"Population, total",2010,318041.0
4928963,Iceland,Real interest rate (%),2010,4.41510136757208
4932891,EIRE,GDP at market prices (current US$),2010,220076114437.08603
4932897,EIRE,GDP per capita (current US$),2010,48260.6653583236
4932966,EIRE,Gross fixed capital formation (annual % growth),2010,-15.5357621645758
4933006,EIRE,"Household final consumption expenditure, etc. (% of GDP)",2010,47.6340776703129
4933011,EIRE,"Household final consumption expenditure, etc. (current US$)",2010,104831227284.768
4933051,EIRE,"Inflation, consumer prices (annual %)",2010,-0.946166394779979
4933052,EIRE,"Inflation, GDP deflator (annual %)",2010,-2.32183161766163
4933265,EIRE,"Population, total",2010,4560155.0
4933717,Israel,GDP at market prices (current US$),2010,234321743781.76
4933723,Israel,GDP per capita (current US$),2010,30736.3638939294
4933788,Israel,Gross fixed capital formation (annual % growth),2010,9.974448691759529
4933824,Israel,"Household final consumption expenditure, etc. (% of GDP)",2010,57.236662637579606
4933826,Israel,"Household final consumption expenditure, etc. (current US$)",2010,134117945974.86
4933860,Israel,"Inflation, consumer prices (annual %)",2010,2.69295910960558
4933861,Israel,"Inflation, GDP deflator (annual %)",2010,1.48267115368448
4934061,Israel,"Population, total",2010,7623600.0
4934094,Israel,Real interest rate (%),2010,3.4312805723999
4934452,Italy,GDP at market prices (current US$),2010,2126747575629.14
4934458,Italy,GDP per capita (current US$),2010,35877.8719327318
4934527,Italy,Gross fixed capital formation (annual % growth),2010,-0.545999696086326
4934567,Italy,"Household final consumption expenditure, etc. (% of GDP)",2010,61.0397453859346
4934572,Italy,"Household final consumption expenditure, etc. (current US$)",2010,1298161305165.56
4934612,Italy,"Inflation, consumer prices (annual %)",2010,1.53989339199552
4934613,Italy,"Inflation, GDP deflator (annual %)",2010,0.319927712027052
4934827,Italy,"Population, total",2010,59277417.0
4934858,Italy,Real interest rate (%),2010,3.69990194300612
4936259,Japan,GDP at market prices (current US$),2010,5495385617892.02
4936265,Japan,GDP per capita (current US$),2010,42909.2341523544
4936331,Japan,Gross fixed capital formation (annual % growth),2010,-0.242365043251766
4936372,Japan,"Household final consumption expenditure, etc. (% of GDP)",2010,59.2612654969771
4936377,Japan,"Household final consumption expenditure, etc. (current US$)",2010,3256635061101.69
4936410,Japan,"Inflation, consumer prices (annual %)",2010,-0.7197815835194771
4936411,Japan,"Inflation, GDP deflator (annual %)",2010,-2.1644214353437703
4936622,Japan,"Population, total",2010,128070000.0
4936664,Japan,Real interest rate (%),2010,3.84599838206141
4940744,Korea,GDP at market prices (current US$),2010,1094499338702.72
4940750,Korea,GDP per capita (current US$),2010,22151.208892132403
4940810,Korea,Gross fixed capital formation (annual % growth),2010,5.51677638756057
4940849,Korea,"Household final consumption expenditure, etc. (% of GDP)",2010,50.3207756530426
4940854,Korea,"Household final consumption expenditure, etc. (current US$)",2010,550760556752.6279
4940887,Korea,"Inflation, consumer prices (annual %)",2010,2.95586282160838
4940888,Korea,"Inflation, GDP deflator (annual %)",2010,3.1614524013424394
4941099,Korea,"Population, total",2010,49410366.0
4941148,Korea,Real interest rate (%),2010,2.27819036143546
4945567,Lebanon,GDP at market prices (current US$),2010,38009950248.7562
4945573,Lebanon,GDP per capita (current US$),2010,8763.795964165509
4945639,Lebanon,Gross fixed capital formation (annual % growth),2010,6.51538522741535
4945680,Lebanon,"Household final consumption expenditure, etc. (% of GDP)",2010,88.40663176265271
4945685,Lebanon,"Household final consumption expenditure, etc. (current US$)",2010,33603316749.5854
4945724,Lebanon,"Inflation, consumer prices (annual %)",2010,3.98984146401504
4945725,Lebanon,"Inflation, GDP deflator (annual %)",2010,0.159474186695491
4946022,Lebanon,"Population, total",2010,4337156.0
4946140,Lebanon,Real interest rate (%),2010,8.16417273190656
4948871,Lithuania,GDP at market prices (current US$),2010,37132564255.4319
4948877,Lithuania,GDP per capita (current US$),2010,11988.757967609
4948945,Lithuania,Gross fixed capital formation (annual % growth),2010,1.47531180805743
4948985,Lithuania,"Household final consumption expenditure, etc. (% of GDP)",2010,64.02796708729821
4948990,Lithuania,"Household final consumption expenditure, etc. (current US$)",2010,23775226020.1378
4949030,Lithuania,"Inflation, consumer prices (annual %)",2010,1.33423408208077
4949031,Lithuania,"Inflation, GDP deflator (annual %)",2010,2.37852336903453
4949248,Lithuania,"Population, total",2010,3097282.0
4949285,Lithuania,Real interest rate (%),2010,3.52675852201657
4956750,Malta,GDP at market prices (current US$),2010,8163355021.12327
4956756,Malta,GDP per capita (current US$),2010,19694.0831567142
4956821,Malta,Gross fixed capital formation (annual % growth),2010,9.42273677440457
4956861,Malta,"Household final consumption expenditure, etc. (% of GDP)",2010,61.7275337865243
4956866,Malta,"Household final consumption expenditure, etc. (current US$)",2010,5039037728.7778
4956898,Malta,"Inflation, consumer prices (annual %)",2010,1.51683376603829
4956899,Malta,"Inflation, GDP deflator (annual %)",2010,1.35992535047144
4957100,Malta,"Population, total",2010,414508.0
4957125,Malta,Real interest rate (%),2010,3.19660323182498
4968645,Netherlands,GDP at market prices (current US$),2010,836439735099.338
4968651,Netherlands,GDP per capita (current US$),2010,50341.25191971599
4968717,Netherlands,Gross fixed capital formation (annual % growth),2010,-6.51823587326014
4968756,Netherlands,"Household final consumption expenditure, etc. (% of GDP)",2010,44.735491962148
4968761,Netherlands,"Household final consumption expenditure, etc. (current US$)",2010,374185430463.576
4968801,Netherlands,"Inflation, consumer prices (annual %)",2010,1.2755525681066
4968802,Netherlands,"Inflation, GDP deflator (annual %)",2010,0.8479691841823891
4969007,Netherlands,"Population, total",2010,16615394.0
4969032,Netherlands,Real interest rate (%),2010,0.894446187776168
4972404,Nigeria,GDP at market prices (current US$),2010,369062464570.387
4972410,Nigeria,GDP per capita (current US$),2010,2314.96353665347
4972471,Nigeria,Gross fixed capital formation (annual % growth),2010,15.2935238319222
4972510,Nigeria,"Household final consumption expenditure, etc. (% of GDP)",2010,66.1210283005604
4972515,Nigeria,"Household final consumption expenditure, etc. (current US$)",2010,244027896645.33105
4972556,Nigeria,"Inflation, consumer prices (annual %)",2010,13.7202018444406
4972557,Nigeria,"Inflation, GDP deflator (annual %)",2010,103.822799111444
4972841,Nigeria,"Population, total",2010,159424742.0
4972955,Nigeria,Real interest rate (%),2010,-42.3101829076011
4973376,Norway,GDP at market prices (current US$),2010,428524701366.599
4973382,Norway,GDP per capita (current US$),2010,87646.2700974708
4973451,Norway,Gross fixed capital formation (annual % growth),2010,-6.64382203824762
4973491,Norway,"Household final consumption expenditure, etc. (% of GDP)",2010,41.9753529704964
4973496,Norway,"Household final consumption expenditure, etc. (current US$)",2010,179874755964.39603
4973536,Norway,"Inflation, consumer prices (annual %)",2010,2.3992576882293504
4973537,Norway,"Inflation, GDP deflator (annual %)",2010,5.9634426253797805
4973745,Norway,"Population, total",2010,4889252.0
4981072,Poland,GDP at market prices (current US$),2010,479242529764.866
4981078,Poland,GDP per capita (current US$),2010,12597.4587924553
4981145,Poland,Gross fixed capital formation (annual % growth),2010,-0.386672342033307
4981187,Poland,"Household final consumption expenditure, etc. (% of GDP)",2010,61.5968195092245
4981192,Poland,"Household final consumption expenditure, etc. (current US$)",2010,295198156070.706
4981232,Poland,"Inflation, consumer prices (annual %)",2010,2.70745235872347
4981233,Poland,"Inflation, GDP deflator (annual %)",2010,2.32521937392313
4981457,Poland,"Population, total",2010,38042794.0
4981901,Portugal,GDP at market prices (current US$),2010,238317631788.07895
4981907,Portugal,GDP per capita (current US$),2010,22539.9960076117
4981976,Portugal,Gross fixed capital formation (annual % growth),2010,-0.940959571589744
4982013,Portugal,"Household final consumption expenditure, etc. (% of GDP)",2010,65.76400802330629
4982018,Portugal,"Household final consumption expenditure, etc. (current US$)",2010,156727226490.066
4982058,Portugal,"Inflation, consumer prices (annual %)",2010,1.40257289895361
4982059,Portugal,"Inflation, GDP deflator (annual %)",2010,0.643476629767449
4982266,Portugal,"Population, total",2010,10573100.0
4988084,Saudi Arabia,GDP at market prices (current US$),2010,526811466666.6671
4988090,Saudi Arabia,GDP per capita (current US$),2010,18753.981233207905
4988162,Saudi Arabia,"Household final consumption expenditure, etc. (% of GDP)",2010,32.3666455248
4988165,Saudi Arabia,"Household final consumption expenditure, etc. (current US$)",2010,170511200000.0
4988196,Saudi Arabia,"Inflation, consumer prices (annual %)",2010,5.34313725490196
4988197,Saudi Arabia,"Inflation, GDP deflator (annual %)",2010,17.1913540158982
4988365,Saudi Arabia,"Population, total",2010,28090647.0
4992160,Singapore,GDP at market prices (current US$),2010,236421782178.218
4992166,Singapore,GDP per capita (current US$),2010,46569.9730490708
4992217,Singapore,Gross fixed capital formation (annual % growth),2010,7.826376397841541
4992253,Singapore,"Household final consumption expenditure, etc. (% of GDP)",2010,35.5249129004709
4992258,Singapore,"Household final consumption expenditure, etc. (current US$)",2010,83988632196.5529
4992289,Singapore,"Inflation, consumer prices (annual %)",2010,2.79999999999998
4992290,Singapore,"Inflation, GDP deflator (annual %)",2010,-0.0459876080012123
4992463,Singapore,"Population, total",2010,5076700.0
4992485,Singapore,Real interest rate (%),2010,5.428484037961
4995711,RSA,GDP at market prices (current US$),2010,375349442837.24
4995717,RSA,GDP per capita (current US$),2010,7389.96026361652
4995781,RSA,Gross fixed capital formation (annual % growth),2010,-3.9122520132054
4995822,RSA,"Household final consumption expenditure, etc. (% of GDP)",2010,59.0159177016492
4995827,RSA,"Household final consumption expenditure, etc. (current US$)",2010,221515918278.424
4995867,RSA,"Inflation, consumer prices (annual %)",2010,4.26234354981774
4995868,RSA,"Inflation, GDP deflator (annual %)",2010,6.35102679052414
4996172,RSA,"Population, total",2010,50791808.0
4996292,RSA,Real interest rate (%),2010,3.2743515957473
4996925,Spain,GDP at market prices (current US$),2010,1431672847682.12
4996931,Spain,GDP per capita (current US$),2010,30737.832270838506
4996997,Spain,Gross fixed capital formation (annual % growth),2010,-4.86585002407134
4997037,Spain,"Household final consumption expenditure, etc. (% of GDP)",2010,57.2437374700832
4997042,Spain,"Household final consumption expenditure, etc. (current US$)",2010,819543046357.616
4997082,Spain,"Inflation, consumer prices (annual %)",2010,1.7997401678753
4997083,Spain,"Inflation, GDP deflator (annual %)",2010,0.1603285902019849
4997305,Spain,"Population, total",2010,46576897.0
5003350,Sweden,GDP at market prices (current US$),2010,488379327089.837
5003356,Sweden,GDP per capita (current US$),2010,52076.4305245885
5003425,Sweden,Gross fixed capital formation (annual % growth),2010,6.0201452013708
5003465,Sweden,"Household final consumption expenditure, etc. (% of GDP)",2010,46.4387155205378
5003470,Sweden,"Household final consumption expenditure, etc. (current US$)",2010,226797086368.36603
5003510,Sweden,"Inflation, consumer prices (annual %)",2010,1.15798802715629
5003511,Sweden,"Inflation, GDP deflator (annual %)",2010,0.990935405680801
5003736,Sweden,"Population, total",2010,9378126.0
5004167,Switzerland,GDP at market prices (current US$),2010,581211708792.789
5004173,Switzerland,GDP per capita (current US$),2010,74277.12051255669
5004242,Switzerland,Gross fixed capital formation (annual % growth),2010,4.3819228822815095
5004282,Switzerland,"Household final consumption expenditure, etc. (% of GDP)",2010,54.5400614825883
5004287,Switzerland,"Household final consumption expenditure, etc. (current US$)",2010,316993223319.59
5004327,Switzerland,"Inflation, consumer prices (annual %)",2010,0.698510114265645
5004328,Switzerland,"Inflation, GDP deflator (annual %)",2010,0.288604192929171
5004544,Switzerland,"Population, total",2010,7824909.0
5004575,Switzerland,Real interest rate (%),2010,2.43769385373151
5007772,Thailand,GDP at market prices (current US$),2010,340923571200.889
5007778,Thailand,GDP per capita (current US$),2010,5111.909202229171
5007848,Thailand,Gross fixed capital formation (annual % growth),2010,11.599355343863
5007887,Thailand,"Household final consumption expenditure, etc. (% of GDP)",2010,53.2439637036281
5007892,Thailand,"Household final consumption expenditure, etc. (current US$)",2010,181521222507.314
5007939,Thailand,"Inflation, consumer prices (annual %)",2010,3.27222000797096
5007940,Thailand,"Inflation, GDP deflator (annual %)",2010,4.0822678368980005
5008246,Thailand,"Population, total",2010,66692024.0
5008369,Thailand,Real interest rate (%),2010,1.78006513655652
5016817,United Arab Emirates,GDP at market prices (current US$),2010,286049336038.12103
5016823,United Arab Emirates,GDP per capita (current US$),2010,34341.9112921486
5016871,United Arab Emirates,Gross fixed capital formation (annual % growth),2010,-0.0955057698946149
5016903,United Arab Emirates,"Household final consumption expenditure, etc. (% of GDP)",2010,59.2430662124554
5016908,United Arab Emirates,"Household final consumption expenditure, etc. (current US$)",2010,169464397549.353
5016934,United Arab Emirates,"Inflation, consumer prices (annual %)",2010,0.8789367555727949
5016935,United Arab Emirates,"Inflation, GDP deflator (annual %)",2010,11.003492428378902
5017080,United Arab Emirates,"Population, total",2010,8329453.0
5017408,United Kingdom,GDP at market prices (current US$),2010,2403504326328.8
5017414,United Kingdom,GDP per capita (current US$),2010,38292.871131358304
5017483,United Kingdom,Gross fixed capital formation (annual % growth),2010,5.03726580714947
5017520,United Kingdom,"Household final consumption expenditure, etc. (% of GDP)",2010,64.6502711584599
5017525,United Kingdom,"Household final consumption expenditure, etc. (current US$)",2010,1553872064276.89
5017565,United Kingdom,"Inflation, consumer prices (annual %)",2010,3.28571428571458
5017566,United Kingdom,"Inflation, GDP deflator (annual %)",2010,3.11135318265063
5017777,United Kingdom,"Population, total",2010,62766365.0
5017802,United Kingdom,Real interest rate (%),2010,-2.53255640824042
5018179,USA,GDP at market prices (current US$),2010,14964372000000.0
5018185,USA,GDP per capita (current US$),2010,48374.056456596605
5018254,USA,Gross fixed capital formation (annual % growth),2010,1.11823420730622
5018296,USA,"Household final consumption expenditure, etc. (% of GDP)",2010,68.1764928057121
5018301,USA,"Household final consumption expenditure, etc. (current US$)",2010,10202184000000.0
5018341,USA,"Inflation, consumer prices (annual %)",2010,1.64004344238991
5018342,USA,"Inflation, GDP deflator (annual %)",2010,1.22134939747505
5018545,USA,"Population, total",2010,309347057.0
5018568,USA,Real interest rate (%),2010,2.00417265191641
5026881,West Indies,GDP at market prices (current US$),2011,64644542535.2058
5026884,West Indies,GDP per capita (current US$),2011,9373.26121985724
5026939,West Indies,"Household final consumption expenditure, etc. (% of GDP)",2011,68.86508119861399
5026940,West Indies,"Household final consumption expenditure, etc. (current US$)",2011,42766068482.9014
5026961,West Indies,"Inflation, consumer prices (annual %)",2011,3.45674967234602
5026962,West Indies,"Inflation, GDP deflator (annual %)",2011,2.52403674530393
5027143,West Indies,"Population, total",2011,6896697.0
5029340,European Community,GDP at market prices (current US$),2011,13623126136081.4
5029343,European Community,GDP per capita (current US$),2011,40429.6680873436
5029394,European Community,Gross fixed capital formation (annual % growth),2011,1.5776749382160602
5029421,European Community,"Household final consumption expenditure, etc. (% of GDP)",2011,56.259247632838296
5029424,European Community,"Household final consumption expenditure, etc. (current US$)",2011,7646245769058.85
5029449,European Community,"Inflation, consumer prices (annual %)",2011,3.289449395642
5029450,European Community,"Inflation, GDP deflator (annual %)",2011,1.8915905889139
5029615,European Community,"Population, total",2011,336958644.0
5042540,Unspecified,GDP at market prices (current US$),2011,99177241478.179
5042543,Unspecified,GDP per capita (current US$),2011,5023.35186515379
5042589,Unspecified,Gross fixed capital formation (annual % growth),2011,8.8059116092634
5042613,Unspecified,"Household final consumption expenditure, etc. (% of GDP)",2011,57.38295882410729
5042616,Unspecified,"Household final consumption expenditure, etc. (current US$)",2011,50256612865.2229
5042638,Unspecified,"Inflation, consumer prices (annual %)",2011,5.06871394778
5042639,Unspecified,"Inflation, GDP deflator (annual %)",2011,9.28044217643065
5042816,Unspecified,"Population, total",2011,19743240.0
5054091,Australia,GDP at market prices (current US$),2011,1389919156068.22
5054097,Australia,GDP per capita (current US$),2011,62216.5471294133
5054162,Australia,Gross fixed capital formation (annual % growth),2011,3.7811367586342
5054197,Australia,"Household final consumption expenditure, etc. (% of GDP)",2011,54.024734092545394
5054202,Australia,"Household final consumption expenditure, etc. (current US$)",2011,750900128167.2091
5054234,Australia,"Inflation, consumer prices (annual %)",2011,3.30385015608698
5054235,Australia,"Inflation, GDP deflator (annual %)",2011,6.18684184041575
5054414,Australia,"Population, total",2011,22340024.0
5054437,Australia,Real interest rate (%),2011,1.46031102602587
5054791,Austria,GDP at market prices (current US$),2011,429010675562.969
5054797,Austria,GDP per capita (current US$),2011,51123.561329166296
5054866,Austria,Gross fixed capital formation (annual % growth),2011,6.72007741081524
5054905,Austria,"Household final consumption expenditure, etc. (% of GDP)",2011,53.5239089307763
5054910,Austria,"Household final consumption expenditure, etc. (current US$)",2011,229623283291.632
5054949,Austria,"Inflation, consumer prices (annual %)",2011,3.2669389115770096
5054950,Austria,"Inflation, GDP deflator (annual %)",2011,1.8915905889139
5055132,Austria,"Population, total",2011,8391643.0
5057071,Bahrain,GDP at market prices (current US$),2011,29044069148.9362
5057077,Bahrain,GDP per capita (current US$),2011,22238.7119502059
5057131,Bahrain,Gross fixed capital formation (annual % growth),2011,-35.1495174933482
5057157,Bahrain,"Household final consumption expenditure, etc. (% of GDP)",2011,38.7165688237885
5057161,Bahrain,"Household final consumption expenditure, etc. (current US$)",2011,11244867021.2766
5057186,Bahrain,"Inflation, consumer prices (annual %)",2011,-0.364447750093603
5057187,Bahrain,"Inflation, GDP deflator (annual %)",2011,10.630176475739
5057347,Bahrain,"Population, total",2011,1306014.0
5057372,Bahrain,Real interest rate (%),2011,-3.4704302792535
5060115,Belgium,GDP at market prices (current US$),2011,526975257158.743
5060121,Belgium,GDP per capita (current US$),2011,47699.8070518961
5060188,Belgium,Gross fixed capital formation (annual % growth),2011,4.21841210067156
5060227,Belgium,"Household final consumption expenditure, etc. (% of GDP)",2011,51.7185167209171
5060232,Belgium,"Household final consumption expenditure, etc. (current US$)",2011,272543786488.74103
5060271,Belgium,"Inflation, consumer prices (annual %)",2011,3.532082107227
5060272,Belgium,"Inflation, GDP deflator (annual %)",2011,2.0030946022177902
5060464,Belgium,"Population, total",2011,11047744.0
5062568,Bermuda,GDP at market prices (current US$),2011,5550771000.0
5062574,Bermuda,GDP per capita (current US$),2011,85973.158416455
5062635,Bermuda,"Household final consumption expenditure, etc. (% of GDP)",2011,52.5274777143572
5062637,Bermuda,"Household final consumption expenditure, etc. (current US$)",2011,2915680000.0
5062657,Bermuda,"Inflation, GDP deflator (annual %)",2011,-0.0325725283768463
5062764,Bermuda,"Population, total",2011,64564.0
5066817,Brazil,GDP at market prices (current US$),2011,2615234935437.59
5066823,Brazil,GDP per capita (current US$),2011,13042.4219326201
5066877,Brazil,Gross fixed capital formation (annual % growth),2011,6.583984385270409
5066915,Brazil,"Household final consumption expenditure, etc. (% of GDP)",2011,60.2777063453694
5066920,Brazil,"Household final consumption expenditure, etc. (current US$)",2011,1576403634624.58
5066966,Brazil,"Inflation, consumer prices (annual %)",2011,6.63619865693002
5066967,Brazil,"Inflation, GDP deflator (annual %)",2011,8.31150878000024
5067260,Brazil,"Population, total",2011,200517584.0
5067374,Brazil,Real interest rate (%),2011,32.8421466509027
5073779,Canada,GDP at market prices (current US$),2011,1788796361798.89
5073785,Canada,GDP per capita (current US$),2011,52086.53352462701
5073847,Canada,Gross fixed capital formation (annual % growth),2011,4.79229047673051
5073883,Canada,"Household final consumption expenditure, etc. (% of GDP)",2011,55.4432337823317
5073888,Canada,"Household final consumption expenditure, etc. (current US$)",2011,991766548762.001
5073916,Canada,"Inflation, consumer prices (annual %)",2011,2.91213508872301
5073917,Canada,"Inflation, GDP deflator (annual %)",2011,3.39009883043937
5074088,Canada,"Population, total",2011,34342780.0
5074111,Canada,Real interest rate (%),2011,-0.377307725645117
5076008,Channel Islands,"Population, total",2011,160489.0
5084771,Cyprus,GDP at market prices (current US$),2011,27089174646.3239
5084777,Cyprus,GDP per capita (current US$),2011,31836.6195112171
5084843,Cyprus,Gross fixed capital formation (annual % growth),2011,-9.437517332883813
5084882,Cyprus,"Household final consumption expenditure, etc. (% of GDP)",2011,65.8128553057104
5084884,Cyprus,"Household final consumption expenditure, etc. (current US$)",2011,17828159313.4964
5084923,Cyprus,"Inflation, consumer prices (annual %)",2011,3.289449395642
5084924,Cyprus,"Inflation, GDP deflator (annual %)",2011,1.9567659963049704
5085110,Cyprus,"Population, total",2011,1116644.0
5085525,Czech Republic,GDP at market prices (current US$),2011,227313162936.047
5085531,Czech Republic,GDP per capita (current US$),2011,21656.9414181786
5085600,Czech Republic,Gross fixed capital formation (annual % growth),2011,1.0731656980971
5085639,Czech Republic,"Household final consumption expenditure, etc. (% of GDP)",2011,49.32839214112779
5085644,Czech Republic,"Household final consumption expenditure, etc. (current US$)",2011,112129928401.494
5085683,Czech Republic,"Inflation, consumer prices (annual %)",2011,1.93638914873702
5085684,Czech Republic,"Inflation, GDP deflator (annual %)",2011,-0.220593123388284
5085879,Czech Republic,"Population, total",2011,10496088.0
5085916,Czech Republic,Real interest rate (%),2011,5.95155517817933
5086291,Denmark,GDP at market prices (current US$),2011,341498686832.93896
5086297,Denmark,GDP per capita (current US$),2011,61304.0612046553
5086364,Denmark,Gross fixed capital formation (annual % growth),2011,0.3419349927685151
5086402,Denmark,"Household final consumption expenditure, etc. (% of GDP)",2011,48.23279539043221
5086407,Denmark,"Household final consumption expenditure, etc. (current US$)",2011,164714362881.144
5086444,Denmark,"Inflation, consumer prices (annual %)",2011,2.7566022325069905
5086445,Denmark,"Inflation, GDP deflator (annual %)",2011,0.771255136387722
5086631,Denmark,"Population, total",2011,5570572.0
5096254,Finland,GDP at market prices (current US$),2011,273657214345.288
5096260,Finland,GDP per capita (current US$),2011,50787.564982853095
5096329,Finland,Gross fixed capital formation (annual % growth),2011,4.0969389001539
5096368,Finland,"Household final consumption expenditure, etc. (% of GDP)",2011,53.72658976273561
5096373,Finland,"Household final consumption expenditure, etc. (current US$)",2011,147026688907.423
5096412,Finland,"Inflation, consumer prices (annual %)",2011,3.41680903371
5096413,Finland,"Inflation, GDP deflator (annual %)",2011,2.5840237611380403
5096603,Finland,"Population, total",2011,5388272.0
5097005,France,GDP at market prices (current US$),2011,2862502085070.89
5097011,France,GDP per capita (current US$),2011,43807.4759032413
5097078,France,Gross fixed capital formation (annual % growth),2011,2.06612600806679
5097114,France,"Household final consumption expenditure, etc. (% of GDP)",2011,55.74408386604279
5097119,France,"Household final consumption expenditure, etc. (current US$)",2011,1595675562969.14
5097158,France,"Inflation, consumer prices (annual %)",2011,2.117486808704
5097159,France,"Inflation, GDP deflator (annual %)",2011,0.943611724118327
5097349,France,"Population, total",2011,65342776.0
5100517,Germany,GDP at market prices (current US$),2011,3757464553794.83
5100523,Germany,GDP per capita (current US$),2011,45936.081259852304
5100587,Germany,Gross fixed capital formation (annual % growth),2011,7.16999934190716
5100626,Germany,"Household final consumption expenditure, etc. (% of GDP)",2011,55.32617863801829
5100631,Germany,"Household final consumption expenditure, etc. (current US$)",2011,2078861551292.74
5100670,Germany,"Inflation, consumer prices (annual %)",2011,2.0751729310780003
5100671,Germany,"Inflation, GDP deflator (annual %)",2011,1.07047690808513
5100854,Germany,"Population, total",2011,81797673.0
5102182,Greece,GDP at market prices (current US$),2011,287779921184.32
5102188,Greece,GDP per capita (current US$),2011,25872.013885225497
5102253,Greece,Gross fixed capital formation (annual % growth),2011,-20.4965597136333
5102291,Greece,"Household final consumption expenditure, etc. (% of GDP)",2011,69.882961297235
5102296,Greece,"Household final consumption expenditure, etc. (current US$)",2011,201109130942.452
5102335,Greece,"Inflation, consumer prices (annual %)",2011,3.329870173635
5102336,Greece,"Inflation, GDP deflator (annual %)",2011,0.7983561409212572
5102518,Greece,"Population, total",2011,11123213.0
5108993,Hong Kong,GDP at market prices (current US$),2011,248513617677.287
5108999,Hong Kong,GDP per capita (current US$),2011,35142.4879344543
5109059,Hong Kong,Gross fixed capital formation (annual % growth),2011,10.229966559253802
5109090,Hong Kong,"Household final consumption expenditure, etc. (% of GDP)",2011,63.2952342550519
5109095,Hong Kong,"Household final consumption expenditure, etc. (current US$)",2011,157297276464.543
5109119,Hong Kong,"Inflation, consumer prices (annual %)",2011,5.263157894737019
5109120,Hong Kong,"Inflation, GDP deflator (annual %)",2011,3.89790349140908
5109292,Hong Kong,"Population, total",2011,7071600.0
5109314,Hong Kong,Real interest rate (%),2011,1.06074951616521
5110455,Iceland,GDP at market prices (current US$),2011,14665358676.7166
5110461,Iceland,GDP per capita (current US$),2011,45970.8936808937
5110524,Iceland,Gross fixed capital formation (annual % growth),2011,11.5658728583714
5110562,Iceland,"Household final consumption expenditure, etc. (% of GDP)",2011,51.7322186853685
5110567,Iceland,"Household final consumption expenditure, etc. (current US$)",2011,7586715421.63272
5110604,Iceland,"Inflation, consumer prices (annual %)",2011,3.990412644944
5110605,Iceland,"Inflation, GDP deflator (annual %)",2011,3.0441184087974302
5110787,Iceland,"Population, total",2011,319014.0
5110814,Iceland,Real interest rate (%),2011,4.51646744764698
5114439,EIRE,GDP at market prices (current US$),2011,241784795802.057
5114445,EIRE,GDP per capita (current US$),2011,52828.420025471394
5114514,EIRE,Gross fixed capital formation (annual % growth),2011,3.21049480527678
5114553,EIRE,"Household final consumption expenditure, etc. (% of GDP)",2011,46.4670059891883
5114558,EIRE,"Household final consumption expenditure, etc. (current US$)",2011,112350155546.289
5114597,EIRE,"Inflation, consumer prices (annual %)",2011,2.57887045474099
5114598,EIRE,"Inflation, GDP deflator (annual %)",2011,2.04286408859961
5114782,EIRE,"Population, total",2011,4576794.0
5115216,Israel,GDP at market prices (current US$),2011,261764344205.025
5115222,Israel,GDP per capita (current US$),2011,33707.3249639477
5115290,Israel,Gross fixed capital formation (annual % growth),2011,14.6453005075893
5115325,Israel,"Household final consumption expenditure, etc. (% of GDP)",2011,57.050198640002
5115327,Israel,"Household final consumption expenditure, etc. (current US$)",2011,149337078337.665
5115353,Israel,"Inflation, consumer prices (annual %)",2011,3.4591954932959803
5115354,Israel,"Inflation, GDP deflator (annual %)",2011,1.78429158872291
5115528,Israel,"Population, total",2011,7765800.0
5115559,Israel,Real interest rate (%),2011,4.11149446143097
5115898,Italy,GDP at market prices (current US$),2011,2278089156658.33
5115904,Italy,GDP per capita (current US$),2011,38364.9426699518
5115973,Italy,Gross fixed capital formation (annual % growth),2011,-1.9427502341312
5116012,Italy,"Household final consumption expenditure, etc. (% of GDP)",2011,61.542294049267
5116017,Italy,"Household final consumption expenditure, etc. (current US$)",2011,1401988327495.13
5116056,Italy,"Inflation, consumer prices (annual %)",2011,2.74143821348298
5116057,Italy,"Inflation, GDP deflator (annual %)",2011,1.46988695517037
5116243,Italy,"Population, total",2011,59379449.0
5116272,Italy,Real interest rate (%),2011,3.08394914530537
5117606,Japan,GDP at market prices (current US$),2011,5905632338015.46
5117612,Japan,GDP per capita (current US$),2011,46203.7095189836
5117678,Japan,Gross fixed capital formation (annual % growth),2011,1.3828583901442502
5117718,Japan,"Household final consumption expenditure, etc. (% of GDP)",2011,60.3093118171703
5117723,Japan,"Household final consumption expenditure, etc. (current US$)",2011,3561646221509.39
5117755,Japan,"Inflation, consumer prices (annual %)",2011,-0.283333333333303
5117756,Japan,"Inflation, GDP deflator (annual %)",2011,-1.85125286624029
5117940,Japan,"Population, total",2011,127817277.0
5117965,Japan,Real interest rate (%),2011,3.41539717092723
5121757,Korea,GDP at market prices (current US$),2011,1202463682633.85
5121763,Korea,GDP per capita (current US$),2011,24155.8298493082
5121823,Korea,Gross fixed capital formation (annual % growth),2011,0.829386956382038
5121861,Korea,"Household final consumption expenditure, etc. (% of GDP)",2011,50.96055245028629
5121866,Korea,"Household final consumption expenditure, etc. (current US$)",2011,612782135684.266
5121898,Korea,"Inflation, consumer prices (annual %)",2011,4.0
5121899,Korea,"Inflation, GDP deflator (annual %)",2011,1.58458790804916
5122089,Korea,"Population, total",2011,49779440.0
5122118,Korea,Real interest rate (%),2011,4.10782007180854
5126343,Lebanon,GDP at market prices (current US$),2011,40078938640.1327
5126349,Lebanon,GDP per capita (current US$),2011,9132.4342022666
5126416,Lebanon,Gross fixed capital formation (annual % growth),2011,5.49959527398103
5126456,Lebanon,"Household final consumption expenditure, etc. (% of GDP)",2011,88.7071947566163
5126461,Lebanon,"Household final consumption expenditure, etc. (current US$)",2011,35552902155.8872
5126500,Lebanon,"Inflation, GDP deflator (annual %)",2011,3.37111771012518
5126776,Lebanon,"Population, total",2011,4388637.0
5126893,Lebanon,Real interest rate (%),2011,4.02083520227596
5129445,Lithuania,GDP at market prices (current US$),2011,43505562065.1266
5129451,Lithuania,GDP per capita (current US$),2011,14367.2093249849
5129519,Lithuania,Gross fixed capital formation (annual % growth),2011,20.1467478103585
5129558,Lithuania,"Household final consumption expenditure, etc. (% of GDP)",2011,62.5141052484791
5129563,Lithuania,"Household final consumption expenditure, etc. (current US$)",2011,27197112858.3357
5129602,Lithuania,"Inflation, consumer prices (annual %)",2011,4.13333333333298
5129603,Lithuania,"Inflation, GDP deflator (annual %)",2011,5.185369284338259
5129796,Lithuania,"Population, total",2011,3028115.0
5136836,Malta,GDP at market prices (current US$),2011,9302635890.160473
5136842,Malta,GDP per capita (current US$),2011,22347.708423805
5136920,Malta,"Household final consumption expenditure, etc. (% of GDP)",2011,63.1195923429818
5136922,Malta,"Household final consumption expenditure, etc. (current US$)",2011,5871785851.0212
5136945,Malta,"Inflation, consumer prices (annual %)",2011,2.721905169154
5136946,Malta,"Inflation, GDP deflator (annual %)",2011,7.07054047655045
5137123,Malta,"Population, total",2011,416268.0
5137151,Malta,Real interest rate (%),2011,-2.17119212518242
5148183,Netherlands,GDP at market prices (current US$),2011,893701695857.659
5148189,Netherlands,GDP per capita (current US$),2011,53537.2751512189
5148258,Netherlands,Gross fixed capital formation (annual % growth),2011,5.56282039968229
5148293,Netherlands,"Household final consumption expenditure, etc. (% of GDP)",2011,44.9410432567204
5148298,Netherlands,"Household final consumption expenditure, etc. (current US$)",2011,401638865721.435
5148337,Netherlands,"Inflation, consumer prices (annual %)",2011,2.3409438735680097
5148338,Netherlands,"Inflation, GDP deflator (annual %)",2011,0.14189633312462
5148517,Netherlands,"Population, total",2011,16693074.0
5148541,Netherlands,Real interest rate (%),2011,1.85547082181702
5151527,Nigeria,GDP at market prices (current US$),2011,411743801711.642
5151533,Nigeria,GDP per capita (current US$),2011,2514.14862151929
5151582,Nigeria,Gross fixed capital formation (annual % growth),2011,-8.246677427582881
5151617,Nigeria,"Household final consumption expenditure, etc. (% of GDP)",2011,65.4282111044988
5151622,Nigeria,"Household final consumption expenditure, etc. (current US$)",2011,269396603793.582
5151662,Nigeria,"Inflation, consumer prices (annual %)",2011,10.840792594293
5151663,Nigeria,"Inflation, GDP deflator (annual %)",2011,9.510096311397518
5151912,Nigeria,"Population, total",2011,163770669.0
5152035,Nigeria,Real interest rate (%),2011,5.94152555282886
5152401,Norway,GDP at market prices (current US$),2011,498157406416.158
5152407,Norway,GDP per capita (current US$),2011,100575.117263444
5152476,Norway,Gross fixed capital formation (annual % growth),2011,7.37733850240613
5152515,Norway,"Household final consumption expenditure, etc. (% of GDP)",2011,40.2924025411421
5152520,Norway,"Household final consumption expenditure, etc. (current US$)",2011,200719587481.71103
5152559,Norway,"Inflation, consumer prices (annual %)",2011,1.300970873786
5152560,Norway,"Inflation, GDP deflator (annual %)",2011,6.760209941359349
5152743,Norway,"Population, total",2011,4953088.0
5159786,Poland,GDP at market prices (current US$),2011,528742068313.757
5159792,Poland,GDP per capita (current US$),2011,13891.14168806
5159859,Poland,Gross fixed capital formation (annual % growth),2011,8.76766902663564
5159900,Poland,"Household final consumption expenditure, etc. (% of GDP)",2011,61.48987875959829
5159905,Poland,"Household final consumption expenditure, etc. (current US$)",2011,325122856757.122
5159944,Poland,"Inflation, consumer prices (annual %)",2011,4.25833333333301
5159945,Poland,"Inflation, GDP deflator (annual %)",2011,3.23710521899956
5160147,Poland,"Population, total",2011,38063255.0
5160561,Portugal,GDP at market prices (current US$),2011,244879869335.557
5160567,Portugal,GDP per capita (current US$),2011,23194.740956770096
5160636,Portugal,Gross fixed capital formation (annual % growth),2011,-12.5168914034877
5160672,Portugal,"Household final consumption expenditure, etc. (% of GDP)",2011,65.824671919324
5160677,Portugal,"Household final consumption expenditure, etc. (current US$)",2011,161191370586.6
5160716,Portugal,"Inflation, consumer prices (annual %)",2011,3.653011004306991
5160717,Portugal,"Inflation, GDP deflator (annual %)",2011,-0.269573460016133
5160897,Portugal,"Population, total",2011,10557560.0
5166529,Saudi Arabia,GDP at market prices (current US$),2011,669506666666.667
5166535,Saudi Arabia,GDP per capita (current US$),2011,23256.0956126437
5166583,Saudi Arabia,Gross fixed capital formation (annual % growth),2011,15.6271374873171
5166612,Saudi Arabia,"Household final consumption expenditure, etc. (% of GDP)",2011,27.1547607193356
5166616,Saudi Arabia,"Household final consumption expenditure, etc. (current US$)",2011,181802933333.333
5166647,Saudi Arabia,"Inflation, consumer prices (annual %)",2011,5.82359105588502
5166648,Saudi Arabia,"Inflation, GDP deflator (annual %)",2011,15.576402002314598
5166800,Saudi Arabia,"Population, total",2011,28788438.0
5170558,Singapore,GDP at market prices (current US$),2011,275364525361.743
5170564,Singapore,GDP per capita (current US$),2011,53121.2310437994
5170613,Singapore,Gross fixed capital formation (annual % growth),2011,5.1912263371358405
5170649,Singapore,"Household final consumption expenditure, etc. (% of GDP)",2011,36.679028795724605
5170654,Singapore,"Household final consumption expenditure, etc. (current US$)",2011,101001033550.644
5170684,Singapore,"Inflation, consumer prices (annual %)",2011,5.25291828793799
5170685,Singapore,"Inflation, GDP deflator (annual %)",2011,1.1630640985012
5170834,Singapore,"Population, total",2011,5183700.0
5170854,Singapore,Real interest rate (%),2011,4.16845410830263
5173913,RSA,GDP at market prices (current US$),2011,416596716626.957
5173919,RSA,GDP per capita (current US$),2011,8080.865243390409
5173985,RSA,Gross fixed capital formation (annual % growth),2011,5.724447567293941
5174025,RSA,"Household final consumption expenditure, etc. (% of GDP)",2011,60.025658854938605
5174030,RSA,"Household final consumption expenditure, etc. (current US$)",2011,250064923923.37305
5174076,RSA,"Inflation, consumer prices (annual %)",2011,4.995510184791
5174077,RSA,"Inflation, GDP deflator (annual %)",2011,6.65178278689795
5174359,RSA,"Population, total",2011,51553479.0
5174479,RSA,Real interest rate (%),2011,2.20176086300784
5175154,Spain,GDP at market prices (current US$),2011,1487924659438.42
5175160,Spain,GDP per capita (current US$),2011,31832.2380807085
5175226,Spain,Gross fixed capital formation (annual % growth),2011,-6.937711607433309
5175265,Spain,"Household final consumption expenditure, etc. (% of GDP)",2011,57.81553475153979
5175270,Spain,"Household final consumption expenditure, etc. (current US$)",2011,860251598554.351
5175309,Spain,"Inflation, consumer prices (annual %)",2011,3.196242971911
5175310,Spain,"Inflation, GDP deflator (annual %)",2011,0.0289691739953923
5175506,Spain,"Population, total",2011,46742697.0
5181166,Sweden,GDP at market prices (current US$),2011,563113421113.421
5181172,Sweden,GDP per capita (current US$),2011,59593.68479823889
5181241,Sweden,Gross fixed capital formation (annual % growth),2011,5.651621633697809
5181280,Sweden,"Household final consumption expenditure, etc. (% of GDP)",2011,46.297261072308906
5181285,Sweden,"Household final consumption expenditure, etc. (current US$)",2011,260706090706.091
5181324,Sweden,"Inflation, consumer prices (annual %)",2011,2.9611507382209803
5181325,Sweden,"Inflation, GDP deflator (annual %)",2011,1.18424442433009
5181529,Sweden,"Population, total",2011,9449213.0
5181930,Switzerland,GDP at market prices (current US$),2011,696311671959.459
5181936,Switzerland,GDP per capita (current US$),2011,88002.6095703805
5182005,Switzerland,Gross fixed capital formation (annual % growth),2011,4.25544174721541
5182044,Switzerland,"Household final consumption expenditure, etc. (% of GDP)",2011,53.9227038661096
5182049,Switzerland,"Household final consumption expenditure, etc. (current US$)",2011,375470080855.856
5182088,Switzerland,"Inflation, consumer prices (annual %)",2011,0.225601604277998
5182089,Switzerland,"Inflation, GDP deflator (annual %)",2011,0.201082505315256
5182281,Switzerland,"Population, total",2011,7912398.0
5182310,Switzerland,Real interest rate (%),2011,2.51219923485811
5185193,Thailand,GDP at market prices (current US$),2011,370608559050.496
5185199,Thailand,GDP per capita (current US$),2011,5539.49436810396
5185270,Thailand,Gross fixed capital formation (annual % growth),2011,4.8692747510696295
5185307,Thailand,"Household final consumption expenditure, etc. (% of GDP)",2011,55.3417043604766
5185312,Thailand,"Household final consumption expenditure, etc. (current US$)",2011,205101093084.348
5185358,Thailand,"Inflation, consumer prices (annual %)",2011,3.80879058139601
5185359,Thailand,"Inflation, GDP deflator (annual %)",2011,3.74594242885516
5185644,Thailand,"Population, total",2011,66902958.0
5185766,Thailand,Real interest rate (%),2011,3.05382954131835
5193568,United Arab Emirates,GDP at market prices (current US$),2011,348526072157.931
5193574,United Arab Emirates,GDP per capita (current US$),2011,39901.2209155518
5193628,United Arab Emirates,Gross fixed capital formation (annual % growth),2011,1.80451159532605
5193659,United Arab Emirates,"Household final consumption expenditure, etc. (% of GDP)",2011,51.9971686659448
5193664,United Arab Emirates,"Household final consumption expenditure, etc. (current US$)",2011,181223689584.752
5193689,United Arab Emirates,"Inflation, consumer prices (annual %)",2011,0.8768366327770001
5193690,United Arab Emirates,"Inflation, GDP deflator (annual %)",2011,15.8100884122899
5193821,United Arab Emirates,"Population, total",2011,8734722.0
5194142,United Kingdom,GDP at market prices (current US$),2011,2594904662714.31
5194148,United Kingdom,GDP per capita (current US$),2011,41020.3769643089
5194217,United Kingdom,Gross fixed capital formation (annual % growth),2011,1.96048926028696
5194253,United Kingdom,"Household final consumption expenditure, etc. (% of GDP)",2011,64.47050905228839
5194258,United Kingdom,"Household final consumption expenditure, etc. (current US$)",2011,1672948245473.48
5194297,United Kingdom,"Inflation, consumer prices (annual %)",2011,4.48423964475499
5194298,United Kingdom,"Inflation, GDP deflator (annual %)",2011,2.09619045476417
5194486,United Kingdom,"Population, total",2011,63258918.0
5194510,United Kingdom,Real interest rate (%),2011,-1.5634182310371298
5194858,USA,GDP at market prices (current US$),2011,15517926000000.0
5194864,USA,GDP per capita (current US$),2011,49781.357490134
5194932,USA,Gross fixed capital formation (annual % growth),2011,3.6964723995170896
5194973,USA,"Household final consumption expenditure, etc. (% of GDP)",2011,68.88355119105479
5194978,USA,"Household final consumption expenditure, etc. (current US$)",2011,10689298500000.0
5195010,USA,"Inflation, consumer prices (annual %)",2011,3.156841568622
5195011,USA,"Inflation, GDP deflator (annual %)",2011,2.0646274665789
5195184,USA,"Population, total",2011,311721632.0
5195205,USA,Real interest rate (%),2011,1.16139407240697
